,feature,auc,n_networks
0,Amy,0.6044860621230574,6
1,Cg_Cx,0.6215034710664623,17
