num_sup_networks,median_similarity
1,0.23389270901679993
2,0.06967198287753895
3,0.024965238187133976
4,0.01873447514716242
5,0.013519036361545084
10,0.0027282071115017955
20,0.0002777728130609956
