,flx_mean_auc,flx_sterr,epm_mean_auc,epm_sterr,oft_mean_auc,oft_sterr,mean_auc,n_nets
0,0.6401243451529588,0.00995623712634926,0.6928588974646417,0.008419480144612464,0.6700380048201185,0.011810253414582689,0.6676737491459064,1
1,0.6412739123776557,0.009815437708566905,0.6846800058025402,0.008877369259552683,0.6604410848137733,0.012048060209473528,0.6621316676646565,2
2,0.6373905104099784,0.010408894313089601,0.6955007848739037,0.012329308253989138,0.6690012859003835,0.010075736304529605,0.667297527061422,3
3,0.6431819478485933,0.009775804568960936,0.6905643574236191,0.011722674769371125,0.6723852207810783,0.01088878013108512,0.6687105086844302,4
4,0.6463297428119396,0.01172559585116168,0.6793255593433278,0.006339953263363363,0.6539509753128623,0.0125579427349274,0.6598687591560431,5
5,0.6309178483063109,0.013202029478389435,0.6914647736431099,0.015047218393231395,0.6579018707548119,0.012993236820087935,0.6600948309014109,10
6,0.626522613177035,0.01894946398948801,0.6876982035537808,0.007150875175517604,0.6617811176407461,0.012107052756630545,0.6586673114571872,20
