,mouse,composite avgScore,composite avgDrugScore,composite avgSalScore,net 1 avgScore,net 1 avgDrugScore,net 1 avgSalScore,net 2 avgScore,net 2 avgDrugScore,net 2 avgSalScore,net 3 avgScore,net 3 avgDrugScore,net 3 avgSalScore,net 1 avgImpact,net 1 avgDrugImpact,net 1 avgSalImpact,net 2 avgImpact,net 2 avgDrugImpact,net 2 avgSalImpact,net 3 avgImpact,net 3 avgDrugImpact,net 3 avgSalImpact
0,Mouse69061,2.6642804,2.560224,2.7651405,0.071069434,0.06981186,0.07228781,0.11688996,0.11146227,0.122151256,0.026538754,0.02482555,0.028199406,0.071069434,0.06981186,0.07228781,0.11688996,0.11146227,0.122151256,0.026538754,0.02482555,0.028199406
1,Mouse78732,3.6010504,3.7670531,3.445484,0.09269995,0.09547947,0.09009489,0.15936455,0.16783158,0.15143,0.04962316,0.04630828,0.052729316,0.09269995,0.09547947,0.09009489,0.15936455,0.16783158,0.15143,0.04962316,0.04630828,0.052729316
2,Mouse78743,3.5345826,3.7580035,3.3002927,0.09322726,0.09870152,0.08748629,0.15574451,0.16597006,0.14502174,0.034040697,0.0330805,0.035047635,0.09322726,0.09870152,0.08748629,0.15574451,0.16597006,0.14502174,0.034040697,0.0330805,0.035047635
3,Mouse78745,3.2834303,3.4610515,3.101837,0.0918462,0.09673729,0.086845316,0.14102669,0.14891043,0.13296683,0.044787623,0.042387787,0.04724131,0.0918462,0.09673729,0.086845316,0.14102669,0.14891043,0.13296683,0.044787623,0.042387787,0.04724131
4,Mouse78751,3.0302236,3.1080344,2.9441128,0.10395845,0.106419526,0.10123486,0.11928288,0.122533135,0.11568593,0.031942718,0.03126819,0.03268938,0.10395845,0.106419526,0.10123486,0.11928288,0.122533135,0.11568593,0.031942718,0.03126819,0.03268938
5,Mouse78764,3.2855384,3.4676428,3.0976434,0.08096988,0.08404563,0.0777962,0.14786229,0.15708585,0.1383455,0.0374101,0.034905132,0.03999451,0.08096988,0.08404563,0.0777962,0.14786229,0.15708585,0.1383455,0.0374101,0.034905132,0.03999451
