,mouse,split,composite avgOAScore,net 1 avgOAScore,net 2 avgOAScore,net 3 avgOAScore,composite avgCAScore,net 1 avgCAScore,net 2 avgCAScore,net 3 avgCAScore
0,Mouse04193,val,4.130353,0.12276304,0.17180946,0.0874196,4.1757135,0.11991016,0.17576693,0.09753474
1,Mouse0633,val,4.8023305,0.14320412,0.20224994,0.03795088,5.124993,0.14978318,0.21787399,0.034789428
2,Mouse0642,val,5.199687,0.13585298,0.22907102,0.06857078,5.2836795,0.14665501,0.22837712,0.05441715
3,Mouse39125,val,4.9694686,0.08648748,0.2447563,0.05718859,4.6861897,0.08670408,0.22727259,0.06564381
4,Mouse69065,val,4.4875455,0.078523055,0.21969922,0.07637218,4.7195954,0.08070161,0.23171993,0.090586156
