,mouse,composite avgScore,composite avgDrugScore,composite avgSalScore,net 1 avgScore,net 1 avgDrugScore,net 1 avgSalScore,net 2 avgScore,net 2 avgDrugScore,net 2 avgSalScore,net 3 avgScore,net 3 avgDrugScore,net 3 avgSalScore,net 1 avgImpact,net 1 avgDrugImpact,net 1 avgSalImpact,net 2 avgImpact,net 2 avgDrugImpact,net 2 avgSalImpact,net 3 avgImpact,net 3 avgDrugImpact,net 3 avgSalImpact
0,Mouse69061,2.5409076,2.3939116,2.677742,0.068624,0.066887096,0.07024101,0.11098017,0.103252724,0.11817332,0.025318302,0.023744158,0.02678353,0.068624,0.066887096,0.07024101,0.11098017,0.103252724,0.11817332,0.025318302,0.023744158,0.02678353
1,Mouse78732,3.5329716,3.7000208,3.3846543,0.09047872,0.091585405,0.08949626,0.15650333,0.1659841,0.1480856,0.051536657,0.048952304,0.053831294,0.09047872,0.091585405,0.08949626,0.15650333,0.1659841,0.1480856,0.051536657,0.048952304,0.053831294
2,Mouse78743,3.4945185,3.7439194,3.2218266,0.09273191,0.09854798,0.08637303,0.15360117,0.1652065,0.14091182,0.03476641,0.033289146,0.03638153,0.09273191,0.09854798,0.08637303,0.15360117,0.1652065,0.14091182,0.03476641,0.033289146,0.03638153
3,Mouse78745,3.2176702,3.4085553,3.0187852,0.09020916,0.09579489,0.08438962,0.13798337,0.14633027,0.12928645,0.046193875,0.042048912,0.050512355,0.09020916,0.09579489,0.08438962,0.13798337,0.14633027,0.12928645,0.046193875,0.042048912,0.050512355
4,Mouse78751,2.933901,3.0094857,2.843249,0.102607965,0.10444808,0.10040107,0.114279814,0.11778313,0.11007814,0.032390986,0.03121431,0.03380209,0.102607965,0.10444808,0.10040107,0.114279814,0.11778313,0.11007814,0.032390986,0.03121431,0.03380209
5,Mouse78764,3.2353132,3.4257205,3.0355241,0.0799337,0.08258959,0.07714691,0.14543565,0.15540227,0.13497797,0.037941765,0.035472527,0.04053274,0.0799337,0.08258959,0.07714691,0.14543565,0.15540227,0.13497797,0.037941765,0.035472527,0.04053274
